                  epoch,         train/box_loss,         train/cls_loss,         train/dfl_loss,   metrics/precision(B),      metrics/recall(B),       metrics/mAP50(B),    metrics/mAP50-95(B),           val/box_loss,           val/cls_loss,           val/dfl_loss,                 lr/pg0,                 lr/pg1,                 lr/pg2
                      1,                 1.8873,                 2.1168,                  1.746,                0.39134,                0.44586,                0.39812,                0.16713,                 1.9471,                 2.0871,                  1.914,             0.00047578,             0.00047578,             0.00047578
                      2,                 1.8219,                 1.8535,                 1.6762,                 0.5105,                0.49111,                0.46851,                0.21597,                 1.8326,                 1.6805,                 1.8115,              0.0007636,              0.0007636,              0.0007636
                      3,                 1.7468,                 1.6985,                 1.6216,                0.60271,                 0.4985,                0.52347,                0.25058,                 1.7356,                 1.5547,                 1.7244,             0.00086278,             0.00086278,             0.00086278
                      4,                 1.6804,                 1.5379,                 1.5652,                0.72214,                0.51911,                0.57688,                0.28284,                 1.7507,                 1.3858,                 1.7203,             0.00058017,             0.00058017,             0.00058017
                      5,                 1.5905,                 1.3913,                 1.5138,                0.75261,                0.56126,                0.62319,                0.32534,                 1.6286,                 1.2334,                 1.6298,             0.00029723,             0.00029723,             0.00029723
