                  epoch,         train/box_loss,         train/cls_loss,         train/dfl_loss,   metrics/precision(B),      metrics/recall(B),       metrics/mAP50(B),    metrics/mAP50-95(B),           val/box_loss,           val/cls_loss,           val/dfl_loss,                 lr/pg0,                 lr/pg1,                 lr/pg2
                      1,                  1.889,                 2.3825,                 1.6433,                0.39884,                0.41158,                 0.3731,                0.15793,                  1.913,                 2.0476,                 1.7093,             0.00047578,             0.00047578,             0.00047578
                      2,                 1.7936,                 1.9003,                 1.5807,                0.47525,                  0.453,                0.41636,                0.19179,                 1.8643,                 1.8326,                   1.64,              0.0007636,              0.0007636,              0.0007636
                      3,                 1.7312,                 1.7609,                 1.5455,                0.56624,                0.48064,                0.49682,                 0.2352,                 1.7648,                 1.6329,                 1.6289,             0.00086278,             0.00086278,             0.00086278
                      4,                 1.6713,                 1.6333,                  1.505,                0.64414,                0.48692,                 0.5276,                0.25766,                 1.7244,                 1.5479,                 1.5974,             0.00058017,             0.00058017,             0.00058017
                      5,                  1.605,                 1.5278,                 1.4702,                0.66278,                0.53166,                0.56785,                0.29208,                 1.6217,                 1.4294,                 1.5279,             0.00029723,             0.00029723,             0.00029723
