                  epoch,         train/box_loss,         train/cls_loss,         train/dfl_loss,   metrics/precision(B),      metrics/recall(B),       metrics/mAP50(B),    metrics/mAP50-95(B),           val/box_loss,           val/cls_loss,           val/dfl_loss,                 lr/pg0,                 lr/pg1,                 lr/pg2
                      1,                 1.9063,                 2.2343,                 1.5017,                0.74765,                0.53798,                0.59774,                0.29712,                 1.7951,                 1.4923,                 1.4943,             0.00065409,             0.00065409,             0.00065409
                      2,                 1.6827,                 1.3868,                 1.3415,                0.73127,                 0.5108,                 0.5359,                0.26994,                 1.9048,                 1.7105,                 1.5388,              0.0010592,              0.0010592,              0.0010592
                      3,                 1.6264,                 1.2839,                 1.3237,                0.78983,                0.54903,                0.62623,                0.32029,                 1.7239,                 1.2902,                 1.4272,              0.0012004,              0.0012004,              0.0012004
                      4,                 1.5729,                  1.192,                 1.2877,                0.81427,                0.61792,                0.69351,                0.38053,                 1.6094,                  1.092,                 1.3228,               0.000812,               0.000812,               0.000812
                      5,                  1.504,                  1.108,                 1.2549,                0.85979,                0.62912,                0.72794,                0.42357,                 1.4682,                0.97852,                 1.2322,               0.000416,               0.000416,               0.000416
