                  epoch,         train/box_loss,         train/cls_loss,         train/dfl_loss,   metrics/precision(B),      metrics/recall(B),       metrics/mAP50(B),    metrics/mAP50-95(B),           val/box_loss,           val/cls_loss,           val/dfl_loss,                 lr/pg0,                 lr/pg1,                 lr/pg2
                      1,                 1.8808,                 2.1486,                 1.7299,                0.46414,                0.39129,                0.38323,                0.15343,                 1.9872,                  1.883,                 1.9008,             0.00047578,             0.00047578,             0.00047578
                      2,                 1.7915,                 1.7782,                 1.6396,                0.53342,                0.48471,                0.47566,                0.22612,                 1.7915,                  1.597,                 1.7362,              0.0007636,              0.0007636,              0.0007636
                      3,                 1.7277,                 1.6523,                 1.5955,                0.60759,                0.49485,                0.52757,                0.24511,                 1.7883,                  1.521,                 1.7325,             0.00086278,             0.00086278,             0.00086278
