                  epoch,         train/box_loss,         train/cls_loss,         train/dfl_loss,   metrics/precision(B),      metrics/recall(B),       metrics/mAP50(B),    metrics/mAP50-95(B),           val/box_loss,           val/cls_loss,           val/dfl_loss,                 lr/pg0,                 lr/pg1,                 lr/pg2
                      1,                 1.8883,                 2.1521,                 1.7237,                0.39371,                0.37687,                0.35554,                0.14007,                 2.1138,                 2.0398,                 1.9593,             0.00047578,             0.00047578,             0.00047578
                      2,                 1.7948,                 1.7939,                 1.6484,                 0.5035,                0.48974,                0.45657,                0.20762,                 1.8414,                 1.7286,                 1.7877,              0.0007636,              0.0007636,              0.0007636
                      3,                 1.7328,                 1.6651,                 1.5967,                0.59238,                0.52138,                0.52354,                0.24567,                 1.7546,                 1.5137,                 1.7269,             0.00086278,             0.00086278,             0.00086278
                      4,                 1.6645,                 1.5134,                 1.5486,                0.65216,                0.50898,                0.54639,                0.26167,                 1.7562,                 1.4404,                 1.7025,             0.00058017,             0.00058017,             0.00058017
                      5,                 1.5938,                 1.3837,                 1.5075,                0.75384,                0.56227,                0.62368,                0.32231,                 1.6481,                 1.2425,                 1.6398,             0.00029723,             0.00029723,             0.00029723
