                  epoch,         train/box_loss,         train/cls_loss,         train/dfl_loss,   metrics/precision(B),      metrics/recall(B),       metrics/mAP50(B),    metrics/mAP50-95(B),           val/box_loss,           val/cls_loss,           val/dfl_loss,                 lr/pg0,                 lr/pg1,                 lr/pg2
                      1,                 1.8882,                 2.2359,                 1.5246,                0.31528,                0.45679,                0.35923,                0.14613,                 1.9457,                 3.4465,                 1.5858,             0.00046767,             0.00046767,             0.00046767
                      2,                 1.6751,                 1.4985,                  1.356,                0.30057,                0.41331,                0.31801,                0.12719,                 2.0537,                 1.9686,                 1.7052,             0.00075709,             0.00075709,             0.00075709
                      3,                 1.6591,                 1.4372,                 1.3356,                 0.5114,                0.50076,                0.50135,                 0.2383,                 1.7434,                 1.5045,                 1.4465,             0.00085788,             0.00085788,             0.00085788
                      4,                 1.6064,                 1.3455,                 1.3007,                 0.6578,                 0.5132,                0.55213,                0.26315,                  1.687,                 1.2525,                 1.3755,             0.00058017,             0.00058017,             0.00058017
                      5,                 1.5277,                 1.2536,                 1.2647,                0.71736,                0.55245,                0.60872,                0.31237,                 1.6009,                 1.1195,                 1.3286,             0.00029723,             0.00029723,             0.00029723
